ward name,borough,Usual residents aged 3+,Main language is English,Main language is English percentage,Language not English: Speak English very well,Language not English: Speak English well,Language not English: Cannot speak English well,Language not English: Cannot speak English
City of London (aggregated),City of London,8444,6621,78,1301,384,118,20
Abbey,Barking and Dagenham,3724,2118,57,704,609,251,42
Alibon,Barking and Dagenham,9477,7244,76,812,951,422,48
Barking Riverside,Barking and Dagenham,9371,7293,78,930,807,284,57
Beam,Barking and Dagenham,8023,6109,76,711,793,346,64
Becontree,Barking and Dagenham,9397,7089,75,865,975,419,49
Chadwell Heath,Barking and Dagenham,13228,10469,79,1135,1069,496,59
Eastbrook & Rush Green,Barking and Dagenham,8461,7132,84,550,542,206,31
Eastbury,Barking and Dagenham,15064,11286,75,1324,1605,765,84
Gascoigne,Barking and Dagenham,10016,7016,70,1264,1153,512,71
Goresbrook,Barking and Dagenham,13128,10344,79,1037,1144,529,74
Heath,Barking and Dagenham,8718,7072,81,667,653,276,50
Longbridge,Barking and Dagenham,12798,9694,76,1156,1158,679,111
Mayesbrook,Barking and Dagenham,14880,11132,75,1492,1494,662,100
Northbury,Barking and Dagenham,12504,8049,64,1531,1847,934,143
Parsloes,Barking and Dagenham,14572,11422,78,1170,1313,589,78
Thames View,Barking and Dagenham,5415,4193,77,393,529,271,29
Valence,Barking and Dagenham,14606,11455,78,1226,1284,542,99
Village,Barking and Dagenham,12077,9620,80,911,1009,480,57
Whalebone,Barking and Dagenham,13430,9926,74,1447,1367,623,67
Barnet Vale,Barnet,16515,14086,85,1123,900,351,55
Brunswick Park,Barnet,15761,13022,83,1283,975,410,71
Burnt Oak,Barnet,20739,14072,68,2528,2844,1133,162
Childs Hill,Barnet,18734,13914,74,2288,1656,767,109
Colindale North,Barnet,12127,8213,68,1544,1502,720,148
Colindale South,Barnet,18200,11514,63,3046,2464,1041,135
Cricklewood,Barnet,9996,6911,69,1207,1217,582,79
East Barnet,Barnet,17337,14648,84,1179,1006,437,67
East Finchley,Barnet,15824,12777,81,1613,992,388,54
Edgware,Barnet,19046,14971,79,1836,1540,596,103
Edgwarebury,Barnet,11926,9799,82,923,830,330,44
Finchley Church End,Barnet,18203,14348,79,1849,1321,609,76
Friern Barnet,Barnet,18409,14226,77,1935,1454,691,103
Garden Suburb,Barnet,12233,10575,86,974,462,192,30
Golders Green,Barnet,14307,11577,81,1262,981,433,54
Hendon,Barnet,21048,15403,73,2447,2197,904,97
High Barnet,Barnet,11645,10228,88,792,426,164,35
Mill Hill,Barnet,17161,14026,82,1500,1130,446,59
Totteridge & Woodside,Barnet,14423,11731,81,1393,867,374,58
Underhill,Barnet,11925,10087,85,921,642,229,46
West Finchley,Barnet,18650,13464,72,2412,1801,829,144
West Hendon,Barnet,16590,10451,63,2479,2536,979,145
Whetstone,Barnet,10525,8686,83,873,636,283,47
Woodhouse,Barnet,13828,10352,75,1488,1307,590,91
Barnehurst,Bexley,11276,10474,93,384,296,105,17
Belvedere,Bexley,16873,14055,83,1180,1072,489,77
Bexleyheath,Bexley,15390,13997,91,710,467,184,32
Blackfen & Lamorbey,Bexley,15602,14756,95,458,263,103,22
Blendon & Penhill,Bexley,15009,14337,96,383,173,96,20
Crayford,Bexley,15361,14074,92,645,447,171,24
Crook Log,Bexley,15368,13936,91,820,391,193,28
East Wickham,Bexley,15652,13523,86,1054,694,314,67
Erith,Bexley,12093,10474,87,743,597,239,40
Falconwood & Welling,Bexley,16079,14141,88,990,634,276,38
Longlands,Bexley,9698,9175,95,295,177,45,6
Northumberland Heath,Bexley,10671,9759,91,406,344,141,21
St Mary's & St James,Bexley,10486,9985,95,276,151,62,12
Sidcup,Bexley,15216,14181,93,544,333,137,21
Slade Green & Northend,Bexley,12331,11093,90,615,433,169,21
Thamesmead East,Bexley,15349,13188,86,916,760,403,82
West Heath,Bexley,15193,13828,91,720,415,193,37
Alperton,Brent,14468,7236,50,2320,2674,1737,501
Barnhill,Brent,11053,7486,68,1398,1438,638,93
Brondesbury Park,Brent,13176,9844,75,1606,1114,493,119
Cricklewood & Mapesbury,Brent,13508,9449,70,1773,1492,670,124
Dollis Hill,Brent,20787,13445,65,2477,2971,1586,308
Harlesden & Kensal Green,Brent,19391,14078,73,1929,2137,1069,178
Kenton,Brent,17143,11171,65,2606,2211,975,180
Kilburn,Brent,16663,12555,75,2011,1422,581,94
Kingsbury,Brent,10982,7177,65,1495,1491,719,100
Northwick Park,Brent,11785,8046,68,1734,1388,523,94
Preston,Brent,11924,7132,60,1851,2002,801,138
Queens Park,Brent,16434,13339,81,1581,984,445,85
Queensbury,Brent,16289,9636,59,2490,2857,1123,183
Roundwood,Brent,15996,11174,70,1708,1919,1029,166
Stonebridge,Brent,19478,14371,74,1852,2004,1072,179
Sudbury,Brent,13269,7699,58,2186,2241,997,146
Tokyngton,Brent,9667,6327,65,1189,1325,692,134
Welsh Harp,Brent,17529,11085,63,2199,2803,1251,191
Wembley Central,Brent,17358,8988,52,2787,3129,1860,594
Wembley Hill,Brent,15024,9497,63,2077,2185,1106,159
Wembley Park,Brent,7339,5040,69,1412,689,164,34
Willesden Green,Brent,18516,12595,68,2379,2205,1080,257
Beckenham Town & Copers Cope,Bromley,15438,13747,89,1059,475,135,22
Bickley & Sundridge,Bromley,17220,16109,94,692,283,121,15
Biggin Hill,Bromley,10614,10410,98,132,48,21,3
Bromley Common & Holwood,Bromley,18253,16996,93,745,354,131,27
Bromley Town,Bromley,15209,12922,85,1360,681,208,38
Chelsfield,Bromley,11182,10331,92,623,164,54,10
Chislehurst,Bromley,15026,14185,94,535,222,72,12
Clock House,Bromley,16402,15026,92,764,420,166,26
Crystal Palace & Anerley,Bromley,11480,9849,86,853,508,229,41
Darwin,Bromley,5387,5269,98,69,33,14,2
Farnborough & Crofton,Bromley,17341,16271,94,742,256,59,13
Hayes & Coney Hall,Bromley,15425,14833,96,368,168,43,13
Kelsey & Eden Park,Bromley,15041,14142,94,525,244,115,15
Mottingham,Bromley,11034,9836,89,645,376,162,15
Orpington,Bromley,11855,10733,91,669,340,96,17
Penge & Cator,Bromley,18331,16205,88,1039,747,291,49
Petts Wood & Knoll,Bromley,16297,15208,93,706,282,87,14
Plaistow,Bromley,12337,11056,90,670,427,163,21
Shortlands & Park Langley,Bromley,16111,14645,91,909,415,129,13
St Mary Cray,Bromley,17944,16511,92,794,446,162,31
St Paul's Cray,Bromley,16253,14820,91,727,505,174,27
West Wickham,Bromley,14408,13790,96,331,184,88,15
Belsize,Camden,11673,9182,79,1859,479,140,13
Bloomsbury,Camden,11220,8182,73,1981,737,286,34
Camden Square,Camden,6912,5549,80,800,351,182,30
Camden Town,Camden,6640,5219,79,791,407,190,33
Fortune Green,Camden,11206,8873,79,1398,648,257,30
Frognal,Camden,7443,5941,80,986,362,136,18
Gospel Oak,Camden,11397,9320,82,1182,579,274,42
Hampstead Town,Camden,7835,6648,85,906,211,62,8
Haverstock,Camden,11604,9437,81,1138,602,355,72
Highgate,Camden,9963,8933,90,639,271,102,18
Holborn & Covent Garden,Camden,10125,7914,78,1240,609,290,72
Kentish Town North,Camden,7103,6090,86,633,255,107,18
Kentish Town South,Camden,10034,8179,82,1028,489,290,48
Kilburn,Camden,11607,8473,73,1516,1050,493,75
King's Cross,Camden,11171,7903,71,1804,988,399,77
Primrose Hill,Camden,12001,9619,80,1441,644,248,49
Regent's Park,Camden,11611,8736,75,1499,917,396,63
St Pancras & Somers Town,Camden,12099,9217,76,1298,1029,454,101
South Hampstead,Camden,11599,8705,75,1890,713,257,34
West Hampstead,Camden,10815,8530,79,1423,555,264,43
Addiscombe East,Croydon,11345,9682,85,718,623,267,55
Addiscombe West,Croydon,14925,11776,79,1508,1078,495,68
Bensham Manor,Croydon,16327,12171,75,1534,1677,822,123
Broad Green,Croydon,19216,13673,71,2197,2277,949,120
Coulsdon Town,Croydon,14542,13438,92,679,287,114,24
Crystal Palace & Upper Norwood,Croydon,15605,13560,87,973,706,306,60
Fairfield,Croydon,14942,11075,74,2018,1254,504,91
Kenley,Croydon,10071,9404,93,391,191,75,10
New Addington North,Croydon,10769,9688,90,485,389,185,22
New Addington South,Croydon,10835,9934,92,456,306,121,18
Norbury & Pollards Hill,Croydon,12007,8969,75,1232,1175,526,105
Norbury Park,Croydon,10260,8251,80,840,754,354,61
Old Coulsdon,Croydon,9410,8971,95,253,134,39,13
Park Hill & Whitgift,Croydon,5564,4282,77,789,342,132,19
Purley & Woodcote,Croydon,15984,14254,89,985,519,183,43
Purley Oaks & Riddlesdown,Croydon,10109,9002,89,614,336,133,24
Sanderstead,Croydon,15061,14142,94,551,253,91,24
Selhurst,Croydon,12315,9661,78,1016,1042,526,70
Selsdon & Addington Village,Croydon,10040,9187,92,465,273,102,13
Selsdon Vale & Forestdale,Croydon,9348,8702,93,386,189,61,10
Shirley North,Croydon,14866,13419,90,693,518,204,32
Shirley South,Croydon,10511,9533,91,477,349,139,13
South Croydon,Croydon,16399,13807,84,1296,935,310,51
South Norwood,Croydon,15824,13110,83,1168,1001,477,68
Thornton Heath,Croydon,17292,14048,81,1241,1231,650,122
Waddon,Croydon,17683,14394,81,1604,1176,446,63
West Thornton,Croydon,17908,12848,72,2014,1976,925,145
Woodside,Croydon,16386,14363,88,921,708,340,54
Central Greenford,Ealing,13526,8745,65,1810,1939,910,122
Dormers Wells,Ealing,14684,8838,60,2094,2272,1271,209
Ealing Broadway,Ealing,13753,9941,72,1909,1232,564,107
Ealing Common,Ealing,15333,11682,76,1899,1188,486,78
East Acton,Ealing,15475,10725,69,2174,1776,698,102
Greenford Broadway,Ealing,16392,11169,68,2044,2096,900,183
Hanger Hill,Ealing,16233,11092,68,2378,1765,831,167
Hanwell Broadway,Ealing,14568,11241,77,1483,1192,575,77
Lady Margaret,Ealing,15621,9013,58,2446,2571,1309,282
North Acton,Ealing,17849,12154,68,2479,2082,976,158
North Greenford,Ealing,15620,10125,65,2163,2305,900,127
North Hanwell,Ealing,14567,10963,75,1416,1476,617,95
Northfield,Ealing,13951,11523,83,1337,788,273,30
Northolt Mandeville,Ealing,16722,11230,67,2207,2263,880,142
Northolt West End,Ealing,15802,10915,69,1976,1982,763,166
Norwood Green,Ealing,14872,9724,65,1990,1775,1105,278
Perivale,Ealing,15697,9971,64,2287,2273,994,172
Pitshanger,Ealing,14697,11609,79,1483,1030,506,69
South Acton,Ealing,16357,11866,73,2110,1555,701,125
Southall Broadway,Ealing,10607,6163,58,1460,1781,1009,194
Southall Green,Ealing,15798,8652,55,2334,2758,1670,384
Southall West,Ealing,6570,3481,53,1034,1204,726,125
Southfield,Ealing,15600,12841,82,1745,705,285,24
Walpole,Ealing,14135,11194,79,1450,936,491,64
Arnos Grove,Enfield,8564,6775,79,821,606,318,44
Bowes,Enfield,10386,6532,63,1395,1515,833,111
Brimsdown,Enfield,15661,11751,75,1197,1520,1009,184
Bullsmoor,Enfield,11001,8638,79,645,894,677,147
Bush Hill Park,Enfield,12560,10729,85,731,669,363,68
Carterhatch,Enfield,12296,9376,76,819,1139,832,130
Cockfosters,Enfield,9823,8202,83,680,620,272,49
Edmonton Green,Enfield,16351,10941,67,1519,2030,1566,295
Enfield Lock,Enfield,17104,13096,77,1313,1429,1080,186
Grange Park,Enfield,8363,7220,86,501,405,195,42
Haselbury,Enfield,17565,11911,68,1625,2238,1532,259
Highfield,Enfield,9248,6989,76,774,957,457,71
Jubilee,Enfield,15735,11046,70,1398,1774,1307,210
Lower Edmonton,Enfield,15975,11021,69,1443,1934,1334,243
New Southgate,Enfield,10721,7595,71,1263,1212,578,73
Oakwood,Enfield,8439,7145,85,559,488,214,33
Palmers Green,Enfield,10383,7508,72,1105,1037,624,109
Ponders End,Enfield,12909,9221,71,1062,1450,1001,175
Ridgeway,Enfield,12365,10968,89,617,510,238,32
Southbury,Enfield,14662,11994,82,972,1038,567,91
Southgate,Enfield,14720,11374,77,1366,1235,634,111
Town,Enfield,12832,11257,88,629,598,293,55
Upper Edmonton,Enfield,16148,10815,67,1588,2033,1456,256
Whitewebbs,Enfield,13828,12193,88,669,556,356,54
Winchmore Hill,Enfield,10064,8565,85,614,582,266,37
Abbey Wood,Greenwich,16703,13624,82,1230,1244,520,85
Blackheath Westcombe,Greenwich,14472,12910,89,1018,345,167,32
Charlton Hornfair,Greenwich,12064,10062,83,921,709,310,62
Charlton Village & Riverside,Greenwich,9920,8122,82,853,571,309,65
East Greenwich,Greenwich,13813,11536,84,1490,548,215,24
Eltham Page,Greenwich,9637,8164,85,673,526,240,34
Eltham Park & Progress,Greenwich,10034,9136,91,467,268,130,33
Eltham Town & Avery Hill,Greenwich,14991,13229,88,898,575,237,52
Greenwich Creekside,Greenwich,10786,8554,79,1386,605,205,36
Greenwich Park,Greenwich,9930,8433,85,953,337,171,36
Greenwich Peninsula,Greenwich,10946,8166,75,1846,680,216,38
Kidbrooke Park,Greenwich,9763,8178,84,767,524,255,39
Kidbrooke Village & Sutcliffe,Greenwich,5667,4536,80,686,325,99,21
Middle Park & Horn Park,Greenwich,9345,8141,87,515,445,206,38
"Mottingham, Coldharbour & New Eltham",Greenwich,13997,12459,89,779,503,208,48
Plumstead & Glyndon,Greenwich,20844,14228,68,2272,2732,1242,370
Plumstead Common,Greenwich,15024,12408,83,1143,950,439,84
Shooters Hill,Greenwich,11416,9516,83,807,646,373,74
Thamesmead Moorings,Greenwich,11879,10052,85,830,649,303,45
West Thamesmead,Greenwich,11316,9121,81,1012,755,377,51
Woolwich Arsenal,Greenwich,11754,8772,75,1666,834,409,73
Woolwich Common,Greenwich,12453,9412,76,1183,1164,572,122
Woolwich Dockyard,Greenwich,10891,8312,76,1037,936,510,96
Brownswood,Hackney,8649,6923,80,871,517,284,54
Cazenove,Hackney,14262,10784,76,1236,1148,917,177
Clissold,Hackney,12117,10275,85,908,504,363,67
Dalston,Hackney,8755,7165,82,949,375,225,41
De Beauvoir,Hackney,8708,7172,82,866,411,220,39
Hackney Central,Hackney,12551,10213,81,1177,620,460,81
Hackney Downs,Hackney,12615,10172,81,1036,712,586,109
Hackney Wick,Hackney,12004,10215,85,774,564,380,71
Haggerston,Hackney,14027,11037,79,1557,769,552,112
Homerton,Hackney,12701,10131,80,1097,805,563,105
Hoxton East & Shoreditch,Hackney,11763,8989,76,1614,683,408,69
Hoxton West,Hackney,13390,9956,74,2041,878,465,50
King's Park,Hackney,12762,10557,83,941,673,481,110
Lea Bridge,Hackney,13849,11272,81,1230,779,475,93
London Fields,Hackney,11963,9926,83,986,526,439,86
Shacklewell,Hackney,8493,6770,80,750,550,349,74
Springfield,Hackney,14319,10990,77,1039,1274,851,165
Stamford Hill West,Hackney,9562,7463,78,638,836,526,99
Stoke Newington,Hackney,13132,11012,84,1003,600,441,76
Victoria,Hackney,11869,10005,84,1003,449,343,69
Woodberry Down,Hackney,11738,8673,74,1291,1017,626,131
Addison,Hammersmith and Fulham,7589,5656,75,1162,548,199,24
Avonmore,Hammersmith and Fulham,7364,5442,74,1230,509,155,28
Brook Green,Hammersmith and Fulham,7844,5968,76,1272,430,152,22
College Park & Old Oak,Hammersmith and Fulham,9704,7131,73,1222,965,330,56
Coningham,Hammersmith and Fulham,10476,8193,78,1256,773,229,25
Fulham Reach,Hammersmith and Fulham,11284,8995,80,1470,614,181,24
Fulham Town,Hammersmith and Fulham,7244,6038,83,854,266,71,15
Grove,Hammersmith and Fulham,7221,5810,80,900,358,132,21
Hammersmith Broadway,Hammersmith and Fulham,7436,5642,76,1003,556,211,24
Lillie,Hammersmith and Fulham,6481,4979,77,915,439,130,18
Munster,Hammersmith and Fulham,11945,9829,82,1430,497,172,17
Palace & Hurlingham,Hammersmith and Fulham,11144,9251,83,1283,426,157,27
Parsons Green & Sandford,Hammersmith and Fulham,7631,6389,84,895,241,83,23
Ravenscourt,Hammersmith and Fulham,6768,5353,79,812,417,155,31
Sands End,Hammersmith and Fulham,10532,8489,81,1298,539,184,22
Shepherd's Bush Green,Hammersmith and Fulham,5448,4035,74,737,493,154,29
Walham Green,Hammersmith and Fulham,7525,6089,81,896,396,126,18
Wendell Park,Hammersmith and Fulham,7174,5866,82,788,351,150,19
West Kensington,Hammersmith and Fulham,9270,7076,76,1243,685,235,31
White City,Hammersmith and Fulham,9964,7471,75,1191,913,339,50
Wormholt,Hammersmith and Fulham,7573,5956,79,852,548,195,22
Alexandra Park,Haringey,8765,7838,89,528,272,106,21
Bounds Green,Haringey,9433,6636,70,1163,973,571,90
Bruce Castle,Haringey,13535,9124,67,1249,1597,1286,279
Crouch End,Haringey,12543,10854,87,1059,409,177,44
Fortis Green,Haringey,12497,10835,87,998,444,186,34
Harringay,Haringey,13940,9349,67,1867,1527,981,216
Hermitage & Gardens,Haringey,8678,5936,68,1061,980,586,115
Highgate,Haringey,12134,10489,86,1127,341,157,20
Hornsey,Haringey,14247,12044,85,1120,637,375,71
Muswell Hill,Haringey,8579,7419,86,731,280,120,29
Noel Park,Haringey,13288,8725,66,1548,1789,1076,150
Northumberland Park,Haringey,14222,9267,65,1373,1880,1422,280
St Ann's,Haringey,9888,6613,67,1041,1176,883,175
Seven Sisters,Haringey,9013,6028,67,915,1179,748,143
South Tottenham,Haringey,16251,11249,69,1501,1873,1341,287
Stroud Green,Haringey,10566,9102,86,777,392,243,52
Tottenham Central,Haringey,13891,9094,65,1550,1931,1106,210
Tottenham Hale,Haringey,11516,7490,65,1413,1577,884,152
West Green,Haringey,14215,9449,66,1638,1804,1118,206
White Hart Lane,Haringey,13061,8869,68,1264,1552,1163,213
Woodside,Haringey,14863,9255,62,1963,2218,1235,192
Belmont,Harrow,8865,6550,74,1033,881,347,54
Canons,Harrow,8858,6806,77,917,781,309,45
Centenary,Harrow,14007,8884,63,2259,1955,778,131
Edgware,Harrow,15379,8797,57,2308,2798,1267,209
Greenhill,Harrow,10849,6748,62,2056,1389,558,98
Harrow on the Hill,Harrow,10434,7742,74,1237,983,381,91
Harrow Weald,Harrow,14109,10492,74,1494,1360,645,118
Hatch End,Harrow,9239,7364,80,1035,601,201,38
Headstone,Harrow,14511,10634,73,1980,1332,494,71
Kenton East,Harrow,14034,8012,57,2239,2443,1117,223
Kenton West,Harrow,9280,6008,65,1563,1158,470,81
Marlborough,Harrow,10853,7005,65,1691,1458,586,113
North Harrow,Harrow,8940,6342,71,1297,913,349,39
Pinner,Harrow,12838,10644,83,1194,694,268,38
Pinner South,Harrow,14717,12063,82,1488,799,324,43
Rayners Lane,Harrow,9340,6015,64,1556,1282,434,53
Roxbourne,Harrow,9471,6385,67,1351,1193,472,70
Roxeth,Harrow,15206,9531,63,2335,2278,904,158
Stanmore,Harrow,13261,10321,78,1321,1093,448,78
Wealdstone North,Harrow,9891,6529,66,1336,1344,568,114
Wealdstone South,Harrow,7697,4576,59,1161,1263,591,106
West Harrow,Harrow,10147,7006,69,1414,1182,476,69
Beam Park,Havering,4997,4322,86,286,279,97,13
Cranham,Havering,12589,12092,96,269,158,61,9
Elm Park,Havering,15845,14208,90,775,570,250,42
Emerson Park,Havering,8959,8240,92,419,201,85,14
Gooshays,Havering,16661,14763,89,894,692,264,48
Hacton,Havering,8808,8300,94,266,165,64,13
Harold Wood,Havering,13390,12194,91,623,387,157,29
Havering-atte-Bower,Havering,15667,14276,91,575,565,221,30
Heaton,Havering,16872,14642,87,947,900,316,67
Hylands & Harrow Lodge,Havering,13726,12774,93,430,354,136,32
Marshalls & Rise Park,Havering,12707,11636,92,520,399,136,16
Mawneys,Havering,13975,12637,90,583,521,200,34
Rainham & Wennington,Havering,13065,11603,89,617,567,231,47
Rush Green & Crowlands,Havering,15013,12151,81,1340,1044,388,90
St Alban's,Havering,7819,6321,81,584,618,257,39
St Andrew's,Havering,13792,12980,94,390,271,126,25
St Edward's,Havering,10175,8679,85,691,555,215,35
South Hornchurch,Havering,10167,9040,89,519,427,161,20
Squirrels Heath,Havering,15052,13857,92,602,408,163,22
Upminster,Havering,13041,12617,97,226,134,56,8
Belmore,Hillingdon,16769,10078,60,2629,2673,1175,214
Charville,Hillingdon,11043,7976,72,1368,1168,441,90
Colham & Cowley,Hillingdon,18564,14707,79,1910,1309,537,101
Eastcote,Hillingdon,16182,14283,88,1069,589,211,30
Harefield Village,Hillingdon,5584,5180,93,237,132,31,4
Hayes Town,Hillingdon,14600,9707,66,2038,1821,856,178
Heathrow Villages,Hillingdon,13466,9622,71,1595,1558,601,90
Hillingdon East,Hillingdon,15092,12448,82,1285,940,351,68
Hillingdon West,Hillingdon,9484,7558,80,1071,616,204,35
Ickenham & South Harefield,Hillingdon,14998,13498,90,866,443,163,28
Northwood,Hillingdon,10976,9299,85,904,548,190,35
Northwood Hills,Hillingdon,11464,9405,82,1070,722,226,41
Pinkwell,Hillingdon,16241,10659,66,2285,2184,949,164
Ruislip,Hillingdon,15051,13591,90,825,445,158,32
Ruislip Manor,Hillingdon,10426,9237,89,609,416,142,22
South Ruislip,Hillingdon,16336,13740,84,1343,870,318,65
Uxbridge,Hillingdon,17459,13770,79,1850,1245,524,70
West Drayton,Hillingdon,17618,13707,78,1965,1343,522,81
Wood End,Hillingdon,18621,13048,70,2246,2176,946,205
Yeading,Hillingdon,12913,9054,70,1648,1533,568,110
Yiewsley,Hillingdon,11303,8680,77,1214,962,381,66
Bedfont,Hounslow,14737,10776,73,1788,1477,594,102
Brentford East,Hounslow,8211,6187,75,1058,661,271,34
Brentford West,Hounslow,8225,6596,80,831,563,209,26
Chiswick Gunnersbury,Hounslow,12380,9699,78,1624,742,276,39
Chiswick Homefields,Hounslow,13463,11365,84,1329,528,216,25
Chiswick Riverside,Hounslow,9551,8075,85,938,357,153,28
Cranford,Hounslow,15426,10303,67,2032,1997,922,172
Feltham North,Hounslow,12305,8635,70,1542,1459,531,138
Feltham West,Hounslow,15613,11627,74,1889,1428,545,124
Hanworth Park,Hounslow,9697,7319,75,1121,860,333,64
Hanworth Village,Hounslow,15894,12083,76,1648,1433,636,94
Heston Central,Hounslow,14023,9018,64,2188,1745,857,215
Heston East,Hounslow,11146,6811,61,1886,1553,731,165
Heston West,Hounslow,14763,9102,62,2399,2049,973,240
Hounslow Central,Hounslow,10084,5965,59,1943,1477,597,102
Hounslow East,Hounslow,8385,5312,63,1298,1189,502,84
Hounslow Heath,Hounslow,15481,9921,64,2287,2122,971,180
Hounslow South,Hounslow,13442,9965,74,1582,1287,515,93
Hounslow West,Hounslow,15259,9745,64,2412,1967,933,202
Isleworth,Hounslow,13534,10849,80,1299,980,354,52
Osterley & Spring Grove,Hounslow,14075,10447,74,1867,1226,474,61
Syon & Brentford Lock,Hounslow,11672,9051,78,1352,926,304,39
Arsenal,Islington,12605,10287,82,1360,627,293,38
Barnsbury,Islington,11506,9695,84,1173,392,214,32
Bunhill,Islington,10850,8363,77,1544,672,243,28
Caledonian,Islington,11004,8232,75,1533,772,418,49
Canonbury,Islington,12042,10092,84,1113,544,250,43
Clerkenwell,Islington,10633,8522,80,1329,548,216,18
Finsbury Park,Islington,13969,10598,76,1523,1064,657,127
Highbury,Islington,13431,11492,86,1174,443,262,60
Hillrise,Islington,14343,12005,84,1171,728,363,76
Holloway,Islington,12029,9133,76,1603,888,350,55
Junction,Islington,12586,10280,82,1336,669,247,54
Laycock,Islington,12821,10637,83,1189,626,308,61
Mildmay,Islington,13733,11499,84,1154,672,343,65
St Mary's & St James',Islington,11264,9389,83,1245,390,212,28
St Peter's & Canalside,Islington,11242,8865,79,1527,558,251,41
Tollington,Islington,13525,10908,81,1388,772,395,62
Tufnell Park,Islington,12067,9826,81,1301,624,278,38
Abingdon,Kensington and Chelsea,7961,5821,73,1393,570,167,10
Brompton & Hans Town,Kensington and Chelsea,7877,5903,75,1371,475,121,7
Campden,Kensington and Chelsea,8228,6403,78,1276,415,109,25
Chelsea Riverside,Kensington and Chelsea,7284,5809,80,777,480,195,23
Colville,Kensington and Chelsea,8366,6784,81,904,453,188,37
Courtfield,Kensington and Chelsea,8020,5715,71,1721,443,111,30
Dalgarno,Kensington and Chelsea,6768,5460,81,608,499,174,27
Earl's Court,Kensington and Chelsea,8676,5900,68,1836,682,232,26
Golborne,Kensington and Chelsea,8682,6712,77,897,728,294,51
Holland,Kensington and Chelsea,8996,6556,73,1456,697,247,40
Norland,Kensington and Chelsea,5319,4422,83,643,198,52,4
Notting Dale,Kensington and Chelsea,9123,7225,79,797,697,363,41
Pembridge,Kensington and Chelsea,5227,3988,76,849,296,86,8
Queen's Gate,Kensington and Chelsea,7450,5182,70,1563,562,134,9
Redcliffe,Kensington and Chelsea,8920,6582,74,1714,457,148,19
Royal Hospital,Kensington and Chelsea,8278,6454,78,1313,343,150,18
St. Helen's,Kensington and Chelsea,6126,5208,85,565,244,99,10
Stanley,Kensington and Chelsea,8334,6571,79,1193,410,134,26
Alexandra,Kingston upon Thames,5642,4833,86,411,276,105,17
Berrylands,Kingston upon Thames,6264,5593,89,384,199,76,12
Canbury Gardens,Kingston upon Thames,7719,6223,81,841,448,188,19
Chessington South & Malden Rushett,Kingston upon Thames,9465,8441,89,502,350,155,17
Coombe Hill,Kingston upon Thames,7300,5718,78,855,503,205,19
Coombe Vale,Kingston upon Thames,9984,8161,82,905,596,284,38
Green Lane & St James,Kingston upon Thames,6623,5266,80,624,497,204,32
Hook & Chessington North,Kingston upon Thames,10401,9124,88,609,453,187,28
King George's & Sunray,Kingston upon Thames,5607,4484,80,505,391,200,27
Kingston Gate,Kingston upon Thames,10531,8815,84,960,503,211,42
Kingston Town,Kingston upon Thames,10026,8111,81,1039,651,198,27
Motspur Park & Old Malden East,Kingston upon Thames,6819,5741,84,502,416,145,15
New Malden Village,Kingston upon Thames,9554,7304,76,924,836,439,51
Norbiton,Kingston upon Thames,10680,8133,76,1188,939,373,47
Old Malden,Kingston upon Thames,6469,5323,82,510,423,182,31
St Mark's & Seething Wells,Kingston upon Thames,11381,9681,85,1047,470,167,16
Surbiton Hill,Kingston upon Thames,10377,8794,85,839,491,212,41
Tolworth,Kingston upon Thames,10665,8635,81,958,739,282,51
Tudor,Kingston upon Thames,7021,6029,86,644,252,91,5
Brixton Acre Lane,Lambeth,14952,13125,88,946,526,307,48
Brixton North,Lambeth,15827,12194,77,1486,1258,743,146
Brixton Rush Common,Lambeth,14126,11656,83,1088,794,487,101
Brixton Windrush,Lambeth,9673,8197,85,696,452,278,50
Clapham Common & Abbeville,Lambeth,9754,8761,90,644,226,108,15
Clapham East,Lambeth,9703,8346,86,687,452,178,40
Clapham Park,Lambeth,12848,10362,81,1120,878,414,74
Clapham Town,Lambeth,15143,13226,87,1150,497,216,54
Gipsy Hill,Lambeth,10254,8868,86,660,466,200,60
Herne Hill & Loughborough Junction,Lambeth,15488,13364,86,984,695,375,70
Kennington,Lambeth,14627,12030,82,1277,791,449,80
Knight's Hill,Lambeth,15894,13424,84,1026,913,437,94
Myatt's Fields,Lambeth,10767,8974,83,753,608,369,63
Oval,Lambeth,11895,9390,79,1180,817,413,95
St Martin's,Lambeth,10041,8191,82,746,680,360,64
Stockwell East,Lambeth,10111,8136,80,838,589,373,175
Stockwell West & Larkhall,Lambeth,16164,12343,76,1694,1339,640,148
Streatham Common & Vale,Lambeth,16721,12663,76,1524,1473,949,112
Streatham Hill East,Lambeth,9895,8019,81,883,591,322,80
Streatham Hill West & Thornton,Lambeth,10234,8871,87,727,420,178,38
Streatham St Leonard's,Lambeth,15431,11929,77,1436,1232,730,104
Streatham Wells,Lambeth,9531,7673,81,866,668,282,42
Vauxhall,Lambeth,9411,7050,75,1359,727,245,30
Waterloo & South Bank,Lambeth,8733,6602,76,1254,630,207,40
West Dulwich,Lambeth,11088,9936,90,561,340,209,42
Bellingham,Lewisham,11264,9353,83,819,694,355,43
Blackheath,Lewisham,15655,13351,85,1245,627,356,76
Brockley,Lewisham,17346,14713,85,1445,733,381,74
Catford South,Lewisham,16570,13960,84,1047,1031,444,88
Crofton Park,Lewisham,14786,13246,90,774,482,244,40
Deptford,Lewisham,15884,12370,78,1565,1017,750,182
Downham,Lewisham,18090,15047,83,1240,1120,569,114
Evelyn,Lewisham,14483,10854,75,1950,1077,533,69
Forest Hill,Lewisham,14603,12862,88,906,492,298,45
Grove Park,Lewisham,14980,12772,85,978,788,362,80
Hither Green,Lewisham,19341,16158,84,1392,1134,557,100
Ladywell,Lewisham,14687,12649,86,1001,628,351,58
Lee Green,Lewisham,14329,12274,86,1033,674,295,53
Lewisham Central,Lewisham,8046,5794,72,1272,642,282,56
New Cross Gate,Lewisham,10514,8237,78,893,851,468,65
Perry Vale,Lewisham,17502,15512,89,995,630,320,45
Rushey Green,Lewisham,17879,14360,80,1460,1335,603,121
Sydenham,Lewisham,16608,14558,88,991,678,329,52
Telegraph Hill,Lewisham,16357,13941,85,1073,740,521,82
Abbey,Merton,9792,7812,80,1103,644,219,14
Cannon Hill,Merton,9604,7987,83,817,541,224,35
Colliers Wood,Merton,11106,8420,76,1250,914,450,72
Cricket Green,Merton,11584,8615,74,1161,1181,558,69
Figge's Marsh,Merton,10682,7662,72,1121,1295,543,61
Graveney,Merton,11329,7819,69,1275,1462,692,81
Hillside,Merton,8239,6684,81,998,392,146,19
Lavender Fields,Merton,11169,7840,70,1444,1254,564,67
Longthornton,Merton,11371,8259,73,1261,1219,539,93
Lower Morden,Merton,11065,9438,85,744,628,214,41
Merton Park,Merton,8055,6494,81,753,513,259,36
Pollards Hill,Merton,11464,9087,79,1005,932,385,55
Ravensbury,Merton,9122,6876,75,1006,834,344,62
Raynes Park,Merton,11739,9822,84,1108,531,242,36
St Helier,Merton,10715,7774,73,1225,1131,496,89
Village,Merton,11205,9861,88,813,380,138,13
Wandle,Merton,5986,4909,82,586,338,133,20
West Barnes,Merton,10090,8152,81,932,680,289,37
Wimbledon Park,Merton,10567,8995,85,960,451,135,26
Wimbledon Town & Dundonald,Merton,12129,10074,83,1319,551,160,25
Beckton,Newham,14752,9718,66,1914,1993,990,137
Boleyn,Newham,14905,9680,65,1770,2194,1130,131
Canning Town North,Newham,10274,7199,70,1289,1145,559,82
Canning Town South,Newham,6855,4852,71,1056,646,255,46
Custom House,Newham,17052,12033,71,1848,2056,974,141
East Ham,Newham,14400,8456,59,1967,2388,1407,182
East Ham South,Newham,17347,11719,68,1970,2333,1163,162
Forest Gate North,Newham,10321,7362,71,991,1166,693,109
Forest Gate South,Newham,16688,10940,66,1986,2200,1325,237
Green Street East,Newham,15929,8959,56,2296,2883,1566,225
Green Street West,Newham,15019,8732,58,2118,2546,1375,248
Little Ilford,Newham,17317,10878,63,2069,2656,1477,237
Manor Park,Newham,15088,9328,62,1777,2401,1348,234
Maryland,Newham,12276,8079,66,1558,1660,876,103
Plaistow North,Newham,16881,11041,65,1991,2334,1307,208
Plaistow South,Newham,12930,8603,67,1508,1752,966,101
Plaistow West & Canning Town East,Newham,16226,10918,67,1819,2202,1096,191
Plashet,Newham,11078,6500,59,1580,1771,1076,151
Royal Albert,Newham,9670,6992,72,1218,986,409,65
Royal Victoria,Newham,13832,10020,72,2475,1034,270,33
Stratford,Newham,15221,10383,68,2408,1692,614,124
Stratford Olympic Park,Newham,11464,8815,77,1658,768,201,22
Wall End,Newham,15982,8731,55,2501,2928,1583,239
West Ham,Newham,15134,10102,67,1743,2093,1082,114
Aldborough,Redbridge,14983,10266,69,2186,1748,690,93
Barkingside,Redbridge,14660,10347,71,1902,1685,639,87
Bridge,Redbridge,12881,10954,85,871,728,296,32
Chadwell,Redbridge,15897,12022,76,1706,1446,624,99
Churchfields,Redbridge,15069,12799,85,1131,782,314,43
Clayhall,Redbridge,13416,9790,73,1609,1363,562,92
Clementswood,Redbridge,13150,8222,63,1709,2007,1052,160
Cranbrook,Redbridge,12765,9229,72,1423,1341,671,101
Fairlop,Redbridge,14144,10466,74,1462,1508,645,63
Fullwell,Redbridge,15427,11953,77,1459,1333,591,91
Goodmayes,Redbridge,14446,9485,66,1859,1998,979,125
Hainault,Redbridge,14983,11743,78,1289,1275,595,81
Ilford Town,Redbridge,11388,6890,61,1994,1593,800,111
Loxford,Redbridge,14300,9143,64,1854,2084,1060,159
Mayfield,Redbridge,15350,11053,72,1731,1669,765,132
Monkhams,Redbridge,9292,8237,89,558,326,151,20
Newbury,Redbridge,13771,9055,66,2016,1823,753,124
Seven Kings,Redbridge,14484,9470,65,1956,1968,951,139
South Woodford,Redbridge,12021,10196,85,901,606,272,46
Valentines,Redbridge,14787,9745,66,2042,1895,955,150
Wanstead Park,Redbridge,7834,6885,88,468,319,148,14
Wanstead Village,Redbridge,12544,10939,87,849,537,197,22
Barnes,Richmond upon Thames,10186,8998,88,844,255,81,8
East Sheen,Richmond upon Thames,10279,9223,90,672,260,105,19
Fulwell & Hampton Hill,Richmond upon Thames,10384,9606,93,472,222,73,11
"Ham, Petersham & Richmond Riverside",Richmond upon Thames,10495,8796,84,1071,426,178,24
Hampton,Richmond upon Thames,9689,8993,93,455,172,61,8
Hampton North,Richmond upon Thames,9719,8718,90,493,334,140,34
Hampton Wick & South Teddington,Richmond upon Thames,10462,9541,91,585,235,86,15
Heathfield,Richmond upon Thames,10082,8319,83,843,585,277,58
Kew,Richmond upon Thames,11397,9901,87,998,376,107,15
Mortlake & Barnes Common,Richmond upon Thames,11250,10033,89,796,296,107,18
North Richmond,Richmond upon Thames,10442,9051,87,906,355,109,21
St Margarets & North Twickenham,Richmond upon Thames,11210,10051,90,756,298,90,15
South Richmond,Richmond upon Thames,10733,9266,86,1023,341,91,12
South Twickenham,Richmond upon Thames,10524,9736,93,503,201,79,5
Teddington,Richmond upon Thames,10210,9375,92,514,226,82,13
Twickenham Riverside,Richmond upon Thames,10938,9451,86,987,358,119,23
West Twickenham,Richmond upon Thames,10730,9677,90,598,337,97,21
Whitton,Richmond upon Thames,10129,8789,87,676,438,201,25
Borough & Bankside,Southwark,9137,7259,79,1205,505,136,32
Camberwell Green,Southwark,14777,11809,80,1218,990,644,116
Champion Hill,Southwark,9116,7822,86,650,412,196,36
Chaucer,Southwark,14609,11384,78,1851,862,426,86
Dulwich Hill,Southwark,9300,8393,90,458,252,165,32
Dulwich Village,Southwark,9785,9161,94,409,136,70,9
Dulwich Wood,Southwark,9919,8667,87,697,397,135,23
Faraday,Southwark,12051,9054,75,1133,992,734,138
Goose Green,Southwark,13122,11993,91,707,246,157,19
London Bridge & West Bermondsey,Southwark,14483,11717,81,1753,679,275,59
Newington,Southwark,13481,11038,82,1116,827,418,82
North Bermondsey,Southwark,15092,12226,81,1805,713,297,51
North Walworth,Southwark,15256,11545,76,1857,1212,558,84
Nunhead & Queen's Road,Southwark,15027,13164,88,810,586,388,79
Old Kent Road,Southwark,17953,13683,76,1499,1512,1029,230
Peckham,Southwark,14302,11619,81,1006,946,621,110
Peckham Rye,Southwark,9689,8850,91,425,256,129,29
Rotherhithe,Southwark,14904,11489,77,2119,881,368,47
Rye Lane,Southwark,13752,12012,87,791,522,352,75
St George's,Southwark,7974,6283,79,938,524,201,28
St Giles,Southwark,15921,12928,81,1271,1049,572,101
South Bermondsey,Southwark,15422,12141,79,1666,979,533,103
Surrey Docks,Southwark,12669,9753,77,2085,593,199,39
Beddington,Sutton,10655,9321,87,707,443,156,28
Belmont,Sutton,11145,9409,84,1025,483,201,27
Carshalton Central,Sutton,11242,10158,90,627,328,116,13
Carshalton South & Clockhouse,Sutton,9824,9087,92,454,194,74,15
Cheam,Sutton,10543,9585,91,554,298,95,11
Hackbridge,Sutton,6423,5312,83,595,399,106,11
North Cheam,Sutton,11294,9858,87,785,477,153,21
St Helier East,Sutton,8163,6941,85,572,444,176,30
St Helier West,Sutton,11845,9756,82,936,835,268,50
South Beddington & Roundshaw,Sutton,10502,9172,87,713,428,159,30
Stonecot,Sutton,7556,6369,84,616,409,141,21
Sutton Central,Sutton,11780,8921,76,1375,1058,390,36
Sutton North,Sutton,10937,9045,83,1004,605,244,39
Sutton South,Sutton,11711,9251,79,1373,805,249,33
Sutton West & East Cheam,Sutton,11084,9097,82,1052,689,215,31
The Wrythe,Sutton,10286,9180,89,582,386,118,20
Wallington North,Sutton,11498,10143,88,737,434,161,23
Wallington South,Sutton,10847,9540,88,685,446,142,34
Worcester Park North,Sutton,7970,6898,87,572,356,130,14
Worcester Park South,Sutton,6944,6335,91,307,203,85,14
Bethnal Green,Tower Hamlets,20437,15413,75,2091,1625,1111,197
Blackwall & Cubitt Town,Tower Hamlets,21096,15081,71,3728,1571,620,96
Bow East,Tower Hamlets,18814,15425,82,1741,988,586,74
Bow West,Tower Hamlets,13182,10728,81,1043,767,549,95
Bromley North,Tower Hamlets,10957,8164,75,956,1011,660,166
Bromley South,Tower Hamlets,13684,10075,74,1438,1126,886,159
Canary Wharf,Tower Hamlets,17237,11721,68,3370,1435,607,104
Island Gardens,Tower Hamlets,14254,10306,72,2269,1114,484,81
Lansbury,Tower Hamlets,20830,14934,72,2527,1955,1170,244
Limehouse,Tower Hamlets,6511,4807,74,990,407,244,63
Mile End,Tower Hamlets,20891,15189,73,2493,1798,1208,203
Poplar,Tower Hamlets,7621,5301,70,893,826,495,106
St Dunstan's,Tower Hamlets,13778,9924,72,1355,1307,947,245
St Katharine's & Wapping,Tower Hamlets,11643,9097,78,1660,582,263,41
St Peter's,Tower Hamlets,19365,14309,74,2033,1624,1188,211
Shadwell,Tower Hamlets,12469,8498,68,1289,1432,1033,217
Spitalfields & Banglatown,Tower Hamlets,12818,8741,68,1863,1166,828,220
Stepney Green,Tower Hamlets,11979,8424,70,1128,1281,946,200
Weavers,Tower Hamlets,12872,9796,76,1487,833,631,125
Whitechapel,Tower Hamlets,18309,12202,67,2914,1838,1103,252
Cann Hall,Waltham Forest,15383,10977,71,1459,1945,865,137
Cathall,Waltham Forest,10133,7218,71,1061,1231,550,73
Chapel End,Waltham Forest,13431,10534,78,1111,1238,478,70
Chingford Green,Waltham Forest,11178,10094,90,483,392,177,32
Endlebury,Waltham Forest,8634,7675,89,400,381,157,21
Forest,Waltham Forest,15799,11919,75,1386,1516,863,115
Grove Green,Waltham Forest,14099,9881,70,1560,1730,783,145
Hale End & Highams Park South,Waltham Forest,9052,7854,87,570,419,177,32
Hatch Lane & Highams Park North,Waltham Forest,12731,11282,89,630,542,239,38
High Street,Waltham Forest,10291,7490,73,1093,1147,487,74
Higham Hill,Waltham Forest,13537,10432,77,1251,1184,584,86
Hoe Street,Waltham Forest,13604,10466,77,1171,1239,629,99
Larkswood,Waltham Forest,12850,10594,82,823,918,460,55
Lea Bridge,Waltham Forest,14451,10095,70,1547,1657,998,154
Leyton,Waltham Forest,13179,9643,73,1321,1406,708,101
Leytonstone,Waltham Forest,11860,9224,78,1178,983,419,56
Markhouse,Waltham Forest,9656,7020,73,868,1102,603,63
St James,Waltham Forest,11963,9145,76,1150,1065,530,73
Upper Walthamstow,Waltham Forest,8069,6627,82,547,619,239,37
Valley,Waltham Forest,13807,11198,81,893,1135,508,73
William Morris,Waltham Forest,13919,10378,75,1329,1504,616,92
Wood Street,Waltham Forest,9026,7124,79,751,709,379,63
Balham,Wandsworth,16870,15086,89,1136,442,176,30
Battersea Park,Wandsworth,18336,14150,77,2519,1182,423,62
East Putney,Wandsworth,16650,13608,82,1919,776,287,60
Falconbrook,Wandsworth,11611,8797,76,1477,978,300,59
Furzedown,Wandsworth,17096,13710,80,1496,1196,550,144
Lavender,Wandsworth,12173,10625,87,1166,283,80,19
Nine Elms,Wandsworth,5216,3826,73,1006,286,91,7
Northcote,Wandsworth,12764,11260,88,1127,282,81,14
Roehampton,Wandsworth,18499,13718,74,2128,1755,781,117
St Mary's,Wandsworth,13791,11088,80,1769,716,201,17
Shaftesbury & Queenstown,Wandsworth,15258,12813,84,1346,744,307,48
South Balham,Wandsworth,9792,8800,90,531,297,149,15
Southfields,Wandsworth,11862,10349,87,986,355,144,28
Thamesfield,Wandsworth,15786,13830,88,1391,408,133,24
Tooting Bec,Wandsworth,16440,13658,83,1295,947,468,72
Tooting Broadway,Wandsworth,16701,13204,79,1485,1303,598,111
Trinity,Wandsworth,10561,9573,91,578,292,95,23
Wandle,Wandsworth,10410,8934,86,830,463,156,27
Wandsworth Common,Wandsworth,15874,14066,89,1083,526,178,21
Wandsworth Town,Wandsworth,17452,14919,85,1551,687,260,35
West Hill,Wandsworth,16262,12159,75,2160,1353,521,69
West Putney,Wandsworth,16434,13580,83,1664,841,305,44
Abbey Road,Westminster,12652,9565,76,1776,865,392,54
Bayswater,Westminster,11779,8732,74,2015,764,233,35
Church Street,Westminster,11276,7555,67,1469,1292,791,169
Harrow Road,Westminster,10850,8312,77,1280,802,395,61
Hyde Park,Westminster,9876,6600,67,1967,902,364,43
Knightsbridge & Belgravia,Westminster,10933,8070,74,1706,861,250,46
Lancaster Gate,Westminster,10997,7474,68,2223,961,295,44
Little Venice,Westminster,10048,7448,74,1510,651,368,71
Maida Vale,Westminster,11293,8366,74,1755,776,342,54
Marylebone,Westminster,12129,8740,72,2423,703,240,23
Pimlico North,Westminster,10106,7991,79,1335,554,198,28
Pimlico South,Westminster,10345,7859,76,1272,836,308,70
Queen's Park,Westminster,12351,9579,78,1148,1041,514,69
Regent's Park,Westminster,11562,8630,75,1887,756,262,27
St James's,Westminster,9887,7370,75,1514,698,272,33
Vincent Square,Westminster,10377,7798,75,1543,696,305,35
West End,Westminster,11047,7906,72,2110,699,290,42
Westbourne,Westminster,11535,8401,73,1492,1068,491,83